Workbook

Sheet лаба1
A1: 0 | B1: 0 | C1: 1 | D1: 0 | F1: 0 | G1: 0 | H1: 0 | I1: 0 | K1: Суммирование | M1: Переполнение
K2: 0 | M2: =IF(_xlfn.XOR(E130,E126),1,0) -> 0
A3: 0 | B3: 0 | C3: 1 | D3: 0 | F3: 0 | G3: 0 | H3: 0 | I3: 0
A5: 0 | B5: =D131 -> 0 | C5: =D127 -> 0 | D5: =D122 -> 0 | F5: =D118 -> 0 | G5: =D113 -> 0 | H5: =D109 -> 0 | I5: =D104 -> 0
O7: 0 | P7: 0 | Q7: 0 | R7: 0 | T7: 0 | U7: 1 | V7: 1 | W7: 1 | Y7: Смещение
Y8: 1
O9: =IF(лаба1!Y8,W7,O7) -> 1 | P9: =IF(лаба1!Y8,O7,P7) -> 0 | Q9: =IF(лаба1!Y8,P7,Q7) -> 0 | R9: =IF(лаба1!Y8,Q7,R7) -> 0 | T9: =IF(лаба1!Y8,S7,T7) -> 0 | U9: =IF(лаба1!Y8,T7,U7) -> 0 | V9: =IF(лаба1!Y8,U7,V7) -> 1 | W9: =IF(лаба1!Y8,V7,W7) -> 1
H29: =IF(OR(A5,O9),1,0) -> 1 | I29: =IF(OR(B5,P9),1,0) -> 0 | J29: =IF(OR(C5,Q9),1,0) -> 0 | K29: =IF(OR(D5,R9),1,0) -> 0 | M29: =IF(OR(F5,T9),1,0) -> 0 | N29: =IF(OR(G5,U9),1,0) -> 0 | O29: =IF(OR(H5,V9),1,0) -> 1 | P29: =IF(OR(I5,W9),1,0) -> 1
A103: =IF(_xlfn.XOR(I1,I3),1,0) -> 0 | C103: =IF(AND(K2,A103),1,0) -> 0 | E103: =IF(OR(A104,C103),1,0) -> 0
A104: =IF(AND(I1,I3),1,0) -> 0 | D104: =IF(_xlfn.XOR(K2,A103),1,0) -> 0
A108: =IF(_xlfn.XOR(H1,H3),1,0) -> 0 | C108: =IF(AND(E103,A108),1,0) -> 0 | E108: =IF(OR(A109,C108),1,0) -> 0
A109: =IF(AND(H1,H3),1,0) -> 0 | D109: =IF(_xlfn.XOR(E103,A108),1,0) -> 0
A112: =IF(_xlfn.XOR(G1,G3),1,0) -> 0 | C112: =IF(AND(E108,A112),1,0) -> 0 | E112: =IF(OR(A113,C112),1,0) -> 0
A113: =IF(AND(G1,G3),1,0) -> 0 | D113: =IF(_xlfn.XOR(E108,A112),1,0) -> 0
A117: =IF(_xlfn.XOR(F1,F3),1,0) -> 0 | C117: =IF(AND(E112,A117),1,0) -> 0 | E117: =IF(OR(A118,C117),1,0) -> 0
A118: =IF(AND(F1,F3),1,0) -> 0 | D118: =IF(_xlfn.XOR(E112,A117),1,0) -> 0
A121: =IF(_xlfn.XOR(D1,D3),1,0) -> 0 | C121: =IF(AND(E117,A121),1,0) -> 0 | E121: =IF(OR(A122,C121),1,0) -> 0
A122: =IF(AND(D1,D3),1,0) -> 0 | D122: =IF(_xlfn.XOR(E117,A121),1,0) -> 0
A126: =IF(_xlfn.XOR(C1,C3),1,0) -> 0 | C126: =IF(AND(E121,A126),1,0) -> 0 | E126: =IF(OR(A127,C126),1,0) -> 0
A127: =IF(AND(B1,B3),1,0) -> 0 | D127: =IF(_xlfn.XOR(E121,A126),1,0) -> 0
A130: =IF(_xlfn.XOR(A1,A3),1,0) -> 0 | C130: =IF(AND(E126,A130),1,0) -> 0 | E130: =IF(OR(A131,C130),1,0) -> 0
A131: =IF(AND(A1,A3),1,0) -> 0 | D131: =IF(_xlfn.XOR(E126,A130),1,0) -> 0
A134: =IF(_xlfn.XOR(A5,A7),1,0) -> 0 | C134: =IF(AND(E130,A134),1,0) -> 0 | E134: =IF(OR(A135,C134),1,0) -> 0
A135: =IF(AND(A5,A7),1,0) -> 0 | D135: =IF(_xlfn.XOR(E130,A134),1,0) -> 0
