Workbook

Sheet лаба1
B2: 0 | C2: 0 | D2: 0 | E2: 0 | F2: 0 | G2: 1 | H2: 1 | I2: 1 | K2: 1 | L2: 1 | M2: 0 | N2: 0 | O2: 0 | P2: 0 | Q2: 1 | R2: 1
V10: 0 | W10: 0 | X10: 0 | Y10: 0 | Z10: 0 | AA10: 0 | AB10: 0 | AC10: 0
AF15: 0
AF16: 1
F18: =D114 -> 0 | G18: =D110 -> 0 | H18: =D106 -> 0 | I18: =D101 -> 0 | J18: =D97 -> 0 | K18: =D92 -> 0 | L18: =D88 -> 0 | M18: =D83 -> 0
S19: 0
S20: ы
D26: =IF(_xlfn.XOR(E113,E109),1,0) -> 0
Z28: LS1 "Y/2"
V30: =IF(AG31,IF(лаба1!AG31,R2,K2),0) -> 1 | W30: =IF(AG31,IF(лаба1!AG31,K2,L2),0) -> 1 | X30: =IF(AG31,IF(лаба1!AG31,L2,M2),0) -> 1 | Y30: =IF(AG31,IF(лаба1!AG31,M2,N2),0) -> 0 | Z30: =IF(AG31,IF(AG31,N2,O2),0) -> 0 | AA30: =IF(AG31,IF(лаба1!AG31,O2,P2),0) -> 0 | AB30: =IF(AG31,IF(лаба1!AG31,P2,Q2),0) -> 0 | AC30: =IF(AG31,IF(лаба1!AG31,Q2,R2),0) -> 1
AG31: 1
N36: LS2: "A ∨ B"
K48: =N48 -> 1 | N48: =IF(OR(F18,V30),1,0) -> 1 | O48: =IF(OR(G18,W30),1,0) -> 1 | P48: =IF(OR(H18,X30),1,0) -> 1 | Q48: =IF(OR(I18,Y30),1,0) -> 0 | R48: =IF(OR(J18,Z30),1,0) -> 0 | S48: =IF(OR(K18,AA30),1,0) -> 0 | T48: =IF(OR(L18,AB30),1,0) -> 0 | U48: =IF(OR(M18,AC30),1,0) -> 1
A82: =IF(_xlfn.XOR(I2,R2),1,0) -> 0 | C82: =IF(AND(AF15,A82),1,0) -> 0 | E82: =IF(OR(A83,C82),1,0) -> 1
A83: =IF(AND(I2,R2),1,0) -> 1 | D83: =IF(AND(S19,AF16),IF(_xlfn.XOR(AF15,A82),1,0),0) -> 0
A87: =IF(_xlfn.XOR(H2,Q2),1,0) -> 0 | C87: =IF(AND(E82,A87),1,0) -> 0 | E87: =IF(OR(A88,C87),1,0) -> 1
A88: =IF(AND(H2,Q2),1,0) -> 1 | D88: =IF(AND(S19,AF16),IF(_xlfn.XOR(E82,A87),1,0),0) -> 0
A91: =IF(_xlfn.XOR(G2,P2),1,0) -> 1 | C91: =IF(AND(E87,A91),1,0) -> 1 | E91: =IF(OR(A92,C91),1,0) -> 1
A92: =IF(AND(G2,P2),1,0) -> 0 | D92: =IF(AND(S19,AF16),IF(_xlfn.XOR(E87,A91),1,0),0) -> 0
A96: =IF(_xlfn.XOR(F2,O2),1,0) -> 0 | C96: =IF(AND(E91,A96),1,0) -> 0 | E96: =IF(OR(A97,C96),1,0) -> 0
A97: =IF(AND(F2,O2),1,0) -> 0 | D97: =IF(AND(S19,AF16),IF(_xlfn.XOR(E91,A96),1,0),0) -> 0
A100: =IF(_xlfn.XOR(E2,N2),1,0) -> 0 | C100: =IF(AND(E96,A100),1,0) -> 0 | E100: =IF(OR(A101,C100),1,0) -> 0
A101: =IF(AND(E2,N2),1,0) -> 0 | D101: =IF(AND(S19,AF16),IF(_xlfn.XOR(E96,A100),1,0),0) -> 0
A105: =IF(_xlfn.XOR(D2,M2),1,0) -> 0 | C105: =IF(AND(E100,A105),1,0) -> 0 | E105: =IF(OR(A106,C105),1,0) -> 0
A106: =IF(AND(D2,M2),1,0) -> 0 | D106: =IF(AND(S19,AF16),IF(_xlfn.XOR(E100,A105),1,0),0) -> 0
A109: =IF(_xlfn.XOR(C2,L2),1,0) -> 1 | C109: =IF(AND(E105,A109),1,0) -> 0 | E109: =IF(OR(A110,C109),1,0) -> 0
A110: =IF(AND(C2,L2),1,0) -> 0 | D110: =IF(AND(S19,AF16),IF(_xlfn.XOR(E105,A109),1,0),0) -> 0
A113: =IF(_xlfn.XOR(B2,K2),1,0) -> 1 | C113: =IF(AND(E109,A113),1,0) -> 0 | E113: =IF(OR(A114,C113),1,0) -> 0
A114: =IF(AND(B2,K2),1,0) -> 0 | D114: =IF(AND(S19,AF16),IF(_xlfn.XOR(E109,A113),1,0),0) -> 0
